Brand_Name,Proportion Democrats,Proportion Republicans,Lift Democrats,Lift Republicans
76,0.4653349,0.5346651,0.54475057,0.45524946
21cf,0.475098814,0.524901186,0.55445278,0.44554722
3m,0.388890707,0.611109293,0.46664664,0.53335339
49ers,0.487071129,0.512928871,0.56626749,0.43373248
7eleven,0.545396091,0.454603909,0.62256545,0.37743458
Aaronsco,0.384310866,0.615689134,0.46184313,0.53815687
Ab_Insights,0.372183372,0.627816628,0.44905347,0.55094653
Abbottglobal,0.495445344,0.504554656,0.57447833,0.42552164
Abc,0.583853422,0.416146578,0.6585812,0.34141877
Abercrombie,0.548956189,0.451043811,0.62593567,0.37406433
Absolutus,0.526197298,0.473802702,0.60426092,0.39573911
Academy,0.24870428,0.75129572,0.31277683,0.68722314
Accenture,0.507948448,0.492051552,0.58665687,0.4133431
Acehardware,0.389404247,0.610595753,0.46718436,0.53281564
Acehotel,0.785407725,0.214592275,0.83421904,0.16578093
Acer,0.476593174,0.523406826,0.5559324,0.4440676
Aceramerica,0.48807947,0.51192053,0.56725848,0.43274152
Aclu,0.899475185,0.100524815,0.92482406,0.075175919
Acmemarkets,0.469945355,0.530054645,0.54933941,0.45066059
Activia,0.51984127,0.48015873,0.59815234,0.40184763
Activistpost,0.241964827,0.758035173,0.30500603,0.69499397
Acura,0.461472927,0.538527073,0.54089624,0.45910376
Adamsgolf,0.304317789,0.695682211,0.37555584,0.62444419
Adidasus,0.510877514,0.489122486,0.58949608,0.41050392
Adobe,0.557779962,0.442220038,0.63425678,0.36574319
Adroll,0.556886228,0.443113772,0.63341606,0.36658394
Aeo,0.544126506,0.455873494,0.62136173,0.3786383
Aeropostale,0.558445628,0.441554372,0.63488275,0.36511728
Aerosoles,0.594202899,0.405797101,0.66812861,0.33187136
Aetv,0.481696278,0.518303722,0.56097454,0.43902549
Airbnb,0.611333019,0.388666981,0.68379873,0.3162013
Airbus,0.460435551,0.539564449,0.53985935,0.46014068
Aircanada,0.561402646,0.438597354,0.63766003,0.36233997
Ajenews,0.623623949,0.376376051,0.69494152,0.30505845
Ajenglish,0.608664862,0.391335138,0.68136877,0.31863126
Alamo,0.541327913,0.458672087,0.61870503,0.38129497
Alaskaair,0.572285643,0.427714357,0.64783776,0.35216224
Alcatel_Lucent,0.464566929,0.535433071,0.54398483,0.45601517
Aldiusa,0.547397103,0.452602897,0.62446064,0.37553936
Alfa_Romeo,0.452465356,0.547534644,0.53186953,0.46813047
Alfreddunhill,0.560218978,0.439781022,0.63654888,0.36345112
Allclad,0.603448276,0.396551724,0.67660636,0.32339361
Allianz,0.474741676,0.525258324,0.55409896,0.44590104
Allianztravelus,0.490182328,0.509817672,0.56932306,0.43067691
Allposters,0.574821853,0.425178147,0.65019977,0.34980023
Ally,0.536432722,0.463567278,0.61404687,0.38595313
Almaycosmetics,0.544014085,0.455985915,0.6212551,0.3787449
Alofthotels,0.548692516,0.451307484,0.62568635,0.37431368
Altrianews,0.334763948,0.665236052,0.40893963,0.59106034
Alzassociation,0.606578703,0.393421297,0.67946607,0.32053396
Amazon,0.537875885,0.462124115,0.61542159,0.38457838
Amazonfashion,0.564764681,0.435235319,0.6408115,0.3591885
Amazonpay,0.511197244,0.488802756,0.58980572,0.41019431
Amazonprimenow,0.554293164,0.445706836,0.63097411,0.36902592
Amblin,0.591215579,0.408784421,0.66537905,0.33462095
Amd,0.423558808,0.576441192,0.50254619,0.49745384
American_Heart,0.582673409,0.417326591,0.65748876,0.34251124
Americanair,0.524768405,0.475231595,0.60288978,0.39711025
Americanapparel,0.645191535,0.354808465,0.71429473,0.2857053
Americancancer,0.594885343,0.405114657,0.66875607,0.33124396
Americanexpress,0.532296137,0.467703863,0.61009943,0.38990054
Americatonight,0.766464032,0.233535968,0.81858903,0.18141094
Ameriprise,0.376689189,0.623310811,0.45381719,0.54618281
Amnh,0.682606533,0.317393467,0.74727702,0.25272298
Amstandard,0.418794688,0.581205312,0.49766061,0.50233936
Amstellight,0.382352941,0.617647059,0.45978519,0.54021478
Amwayus,0.302566903,0.697433097,0.37361518,0.62638479
Angi_Home,0.510985117,0.489014883,0.58960027,0.41039973
Anheuserbusch,0.339837149,0.660162851,0.41443661,0.58556336
Anneklein,0.689655172,0.310344828,0.75340831,0.24659172
Anntaylor,0.595302272,0.404697728,0.66913927,0.33086076
Anolon,0.521978022,0.478021978,0.60020864,0.39979139
Anthropologie,0.639047889,0.360952111,0.70880759,0.29119241
Aol,0.560808014,0.439191986,0.63710189,0.36289808
Apple,0.526228567,0.473771433,0.6042909,0.3957091
Applebees,0.481722569,0.518277431,0.56100047,0.43899953
Applenews,0.581432888,0.418567112,0.65633953,0.34366047
Appstore,0.525204284,0.474795716,0.60330814,0.39669183
Arbys,0.465229219,0.534770781,0.54464519,0.45535478
Arco,0.454918033,0.545081967,0.53433257,0.46566743
Argotea,0.721311475,0.278688525,0.78063005,0.21936993
Armani,0.537318671,0.462681329,0.61489099,0.38510901
Artdotcom,0.646624473,0.353375527,0.71557158,0.28442842
Artinstitutechi,0.609734957,0.390265043,0.68234378,0.31765625
Ashleyhomestore,0.503095975,0.496904025,0.58194178,0.41805822
Asicsamerica,0.515286624,0.484713376,0.59376001,0.40624002
Aspca,0.663689343,0.336310657,0.73069364,0.26930639
Astonmartin,0.448041557,0.551958443,0.52741718,0.47258279
Astrazenecaus,0.516235458,0.483764542,0.59467608,0.40532392
Athenos,0.573275862,0.426724138,0.64876044,0.35123959
Athleta,0.687948528,0.312051472,0.75192612,0.24807388
Atlantafalcons,0.42677717,0.57322283,0.50583804,0.49416199
Atlhawks,0.519082696,0.480917304,0.59742171,0.40257829
Att,0.496666721,0.503333279,0.57567221,0.42432776
Audi,0.46231784,0.53768216,0.5417403,0.4582597
Audible_Com,0.657252729,0.342747271,0.72500807,0.27499196
Audiobooks_Com,0.623906706,0.376093294,0.69519693,0.30480304
Automatic,0.64559387,0.35440613,0.71465331,0.28534666
Avis,0.508522727,0.491477273,0.58721399,0.41278604
Avoninsider,0.552361981,0.447638019,0.62915283,0.37084714
Axa,0.427401747,0.572598253,0.50647604,0.49352393
Azcardinals,0.350048645,0.649951355,0.42544511,0.57455492
Babiesrus,0.523366899,0.476633101,0.60154372,0.39845628
Bacardi,0.49457745,0.50542255,0.57362938,0.42637059
Baileysofficial,0.583333333,0.416666667,0.65809983,0.34190017
Bainalerts,0.508182601,0.491817399,0.58688408,0.41311595
Bajafresh,0.503617945,0.496382055,0.58244967,0.41755036
Bananarepublic,0.600609574,0.399390426,0.67400849,0.32599148
Bangolufsen,0.529767041,0.470232959,0.60768098,0.39231899
Bankofamerica,0.490166913,0.509833087,0.56930798,0.43069202
Barclays,0.433502977,0.566497023,0.51269543,0.4873046
Bareminerals,0.598813974,0.401186026,0.67236286,0.32763714
Barneysny,0.602362599,0.397637401,0.67561334,0.32438669
Barronsonline,0.383898305,0.616101695,0.46140972,0.53859025
Bayerus,0.432206759,0.567793241,0.51137614,0.48862386
Bbc,0.641458356,0.358541644,0.71096289,0.28903711
Bbcamerica,0.742047675,0.257952325,0.79818749,0.20181251
Bcbgmaxazria,0.640535,0.359465,0.71013761,0.28986236
Bcg,0.502173913,0.497826087,0.5810442,0.4189558
Bcrfcure,0.641344047,0.358655953,0.71086073,0.28913924
Bearingpoint,0.487068966,0.512931034,0.5662654,0.43373463
Bebe_Stores,0.588504578,0.411495422,0.66287941,0.33712056
Bedbathbeyond,0.563383546,0.436616454,0.63951766,0.36048234
Behrpro,0.380645161,0.619354839,0.45798802,0.54201198
Belvederevodka,0.534900542,0.465099458,0.61258596,0.38741407
Benefitbeauty,0.599165543,0.400834457,0.67268521,0.32731479
Benetton,0.663934426,0.336065574,0.73090965,0.26909032
Bengals,0.370080914,0.629919086,0.4468258,0.5531742
Benjamin_Moore,0.468111455,0.531888545,0.54751569,0.45248431
Bentleymotors,0.44634424,0.55365576,0.52570558,0.47429442
Bergdorfs,0.587143072,0.412856928,0.66162252,0.33837751
Berniesanders,0.733304722,0.266695278,0.79081088,0.2091891
Bertelsmann_Com,0.606635071,0.393364929,0.67951751,0.32048249
Bestbuy,0.501173071,0.498826929,0.5800693,0.41993067
Bestwestern,0.517838126,0.482161874,0.59622216,0.40377787
Bet,0.744075693,0.255924307,0.79989314,0.20010686
Bgccan,0.687116564,0.312883436,0.75120306,0.24879697
Bgea,0.092485756,0.907514244,0.12289579,0.87710422
Bing,0.527257427,0.472742573,0.60527742,0.39472261
Bipartisanism,0.903422582,0.096577418,0.92785591,0.072144091
Birkenstockusa,0.674085851,0.325914149,0.73983079,0.26016924
Bitcoin,0.357713648,0.642286352,0.43365949,0.56634051
Bjswholesale,0.545407369,0.454592631,0.62257612,0.37742391
Blackanddecker,0.358750574,0.641249426,0.43476754,0.56523246
Blackrock,0.397285049,0.602714951,0.47541368,0.52458632
Bloomberg,0.513772826,0.486227174,0.59229738,0.40770259
Bloomingdales,0.581368346,0.418631654,0.65627968,0.34372032
Bluemoonbrewco,0.449759808,0.550240192,0.52914804,0.47085199
Bluenilediamond,0.53285968,0.46714032,0.61063784,0.38936219
Bmo_Us,0.4906588,0.5093412,0.56979054,0.43020946
Bmsnews,0.496708264,0.503291736,0.5757128,0.42428717
Bmw,0.45097968,0.54902032,0.53037566,0.46962434
Bnbuzz,0.673006774,0.326993226,0.73888505,0.26111495
Bobbibrown,0.609359786,0.390640214,0.68200201,0.31799796
Boehringerus,0.503787879,0.496212121,0.58261496,0.41738504
Boeing,0.405311399,0.594688601,0.48375157,0.5162484
Bonefishgrill,0.471729958,0.528270042,0.551112,0.44888797
Bongojeans,0.52688172,0.47311828,0.60491723,0.39508277
Bookingcom,0.568764569,0.431235431,0.64455235,0.35544762
Boostmobile,0.516368749,0.483631251,0.59480476,0.40519527
Bose,0.484953508,0.515046492,0.56418431,0.43581572
Bostonglobe,0.696581842,0.303418158,0.75940847,0.24059156
Bostonmarket,0.530828793,0.469171207,0.60869676,0.39130321
Box,0.537908497,0.462091503,0.61545265,0.38454735
Bp_Plc,0.390156454,0.609843546,0.46797168,0.53202832
Breakingnews,0.552859921,0.447140079,0.62962264,0.37037733
Breitbartnews,0.046917689,0.953082311,0.063391186,0.93660879
Bridgestonegolf,0.244855967,0.755144033,0.30834401,0.69165599
Britausa,0.6,0.4,0.67345005,0.32654998
British_Airways,0.552935591,0.447064409,0.62969404,0.37030596
Broncos,0.346056495,0.653943505,0.42115024,0.57884973
Brooklynnets,0.511570285,0.488429715,0.59016681,0.40983319
Brooksbrothers,0.374671341,0.625328659,0.45168561,0.54831439
Browns,0.386229731,0.613770269,0.46385744,0.53614253
Brueggers,0.619295958,0.380704042,0.69102734,0.30897266
Bucadibeppo,0.524720893,0.475279107,0.60284412,0.39715585
Budget,0.51995373,0.48004627,0.59826064,0.40173936
Budlight,0.364020693,0.635979307,0.44038746,0.55961251
Budweiserusa,0.379431162,0.620568838,0.45670924,0.54329073
Buick,0.422878944,0.577121056,0.50184989,0.49815014
Burberry,0.398299784,0.601700216,0.4764702,0.52352983
Burgerking,0.48749569,0.51250431,0.56668484,0.43331516
Burtonsnowboard,0.493216507,0.506783493,0.57229722,0.42770278
Burtsbees,0.650384615,0.349615385,0.71891701,0.28108299
Buschbeer,0.24822987,0.75177013,0.31223097,0.687769
Business,0.526038819,0.473961181,0.60410887,0.39589113
Buzzfeed,0.698610701,0.301389299,0.76116121,0.23883878
Bw,0.531510777,0.468489223,0.60934883,0.39065114
Bwwings,0.423396675,0.576603325,0.50238013,0.4976199
Bywithal,0.627516779,0.372483221,0.69845343,0.30154657
Cabelas,0.119008264,0.880991736,0.15663393,0.84336609
Cadillac,0.425348528,0.574651472,0.5043776,0.4956224
Cainc,0.476056996,0.523943004,0.55540168,0.44459829
Callawaygolf,0.23577191,0.76422809,0.29783353,0.70216644
Calpizzakitchen,0.579260518,0.420739482,0.65432477,0.34567523
Calvinklein,0.547944281,0.452055719,0.62497848,0.37502152
Cambria_Hotels,0.525233645,0.474766355,0.60333633,0.39666367
Campari,0.631884058,0.368115942,0.70238346,0.29761654
Canadadrycanada,0.646551724,0.353448276,0.71550679,0.28449321
Candiesbrand,0.631578947,0.368421053,0.70210922,0.29789075
Canonusa,0.464677027,0.535322973,0.54409462,0.45590535
Capgemini,0.495911369,0.504088631,0.57493401,0.42506602
Capitalone,0.550677738,0.449322262,0.62756276,0.37243727
Captainmorganus,0.425567239,0.574432761,0.50460124,0.49539876
Care,0.710803302,0.289196698,0.77165049,0.22834952
Cargill,0.35620915,0.64379085,0.43205047,0.56794953
Carhartt,0.451024661,0.548975339,0.5304209,0.4695791
Carlsberg,0.53,0.47,0.60790396,0.39209607
Carrierhvac,0.245489338,0.754510662,0.30907437,0.69092566
Cartier,0.542319025,0.457680975,0.61964643,0.38035357
Casio_Usa,0.438976378,0.561023622,0.51825392,0.48174605
Caterpillarinc,0.273207899,0.726792101,0.34073022,0.65926975
Cavs,0.488266069,0.511733931,0.56744182,0.43255821
Cbs,0.610664304,0.389335696,0.68319005,0.31680995
Celtics,0.486761561,0.513238439,0.56596315,0.43403688
Century21,0.381618887,0.618381113,0.45901299,0.54098701
Certainteed,0.268106734,0.731893266,0.33494934,0.66505063
Chacousa,0.527989822,0.472010178,0.6059792,0.39402077
Championusa,0.514605345,0.485394655,0.59310198,0.40689805
Champssports,0.499679738,0.500320262,0.57861358,0.42138642
Chanel,0.395620929,0.604379071,0.47367948,0.52632052
Chargers,0.40892751,0.59107249,0.48749381,0.51250619
Charlesschwab,0.399161316,0.600838684,0.47736669,0.52263331
Chase,0.506574999,0.493425001,0.58532381,0.41467622
Cheesecake,0.540351284,0.459648716,0.61777681,0.38222316
Chevrolet,0.39769724,0.60230276,0.47584292,0.52415705
Chevron,0.389117304,0.610882696,0.46688393,0.53311604
Chicagobears,0.458102499,0.541897501,0.5375247,0.46247527
Chicagobulls,0.537008678,0.462991322,0.61459565,0.38540435
Chicagotribune,0.645533642,0.354466358,0.71459967,0.28540036
Chickfila,0.295625302,0.704374698,0.36589876,0.63410127
Chicos,0.520323085,0.479676915,0.59861624,0.40138376
Childrensplace,0.583203125,0.416796875,0.65797931,0.34202069
Chilis,0.480950471,0.519049529,0.56023866,0.43976134
Chipotletweets,0.553295319,0.446704681,0.63003331,0.36996666
Chivasregalus,0.498412698,0.501587302,0.57737738,0.42262262
Chloefashion,0.612816934,0.387183066,0.68514848,0.31485155
Chobani,0.664394134,0.335605866,0.73131484,0.26868516
Choicehotels,0.508007687,0.491992313,0.58671439,0.41328561
Chroniclesu,0.542619543,0.457380457,0.61993176,0.38006824
Chrysler,0.412801378,0.587198622,0.49149308,0.50850689
Cinemax,0.594606608,0.405393392,0.66849983,0.3315002
Ciroc,0.596688184,0.403311816,0.6704123,0.3295877
Cisco,0.476687967,0.523312033,0.55602622,0.44397381
Citgo,0.280442804,0.719557196,0.34889483,0.65110517
Citi,0.435775413,0.564224587,0.51500553,0.48499444
Citibank,0.462277767,0.537722233,0.54170024,0.45829973
Citizensbank,0.537060568,0.462939432,0.61464506,0.38535491
Citrix,0.441570965,0.558429035,0.52088207,0.47911796
Clevelandgolf,0.252661753,0.747338247,0.31732321,0.68267679
Clickhole,0.717773502,0.282226498,0.77761298,0.22238702
Clinique,0.599255121,0.400744879,0.67276734,0.32723269
Clintonfdn,0.851835144,0.148164856,0.88769734,0.11230268
Cloudera,0.5,0.5,0.57892591,0.42107409
Cloudflare,0.510535922,0.489464078,0.58916521,0.41083479
Clubmonaco,0.668325041,0.331674959,0.73477483,0.2652252
Cmt,0.297157053,0.702842947,0.36760458,0.63239545
Cnbc,0.553239054,0.446760946,0.62998027,0.37001973
Cnet,0.549230319,0.450769681,0.62619489,0.37380514
Cnn,0.601232415,0.398767585,0.67457885,0.32542112
Cnnbusiness,0.542883351,0.457116649,0.62018216,0.37981781
Coach,0.602349727,0.397650273,0.67560154,0.32439846
Coasttocoastam,0.277203984,0.722796016,0.3452448,0.65475523
Cobragolf,0.248258866,0.751741134,0.31226435,0.68773562
Cocacola,0.497739687,0.502260313,0.57672036,0.42327964
Cognizant,0.413327865,0.586672135,0.49203584,0.50796419
Cointreau_Us,0.567567568,0.432432432,0.64343381,0.35656619
Coldwatercreek,0.553956835,0.446043165,0.63065708,0.36934289
Colehaan,0.514618597,0.485381403,0.59311473,0.40688527
Colgate,0.508356904,0.491643096,0.58705312,0.41294685
Collectiveevol,0.568115942,0.431884058,0.64394635,0.35605365
Columbia1938,0.483357645,0.516642355,0.56261247,0.43738753
Columbiacrest,0.511764706,0.488235294,0.59035498,0.40964502
Comcastbusiness,0.389962798,0.610037202,0.467769,0.53223097
Comedycentral,0.706587244,0.293412756,0.76803201,0.23196799
Commanders,0.408835003,0.591164997,0.48739821,0.51260179
Compassion,0.351019318,0.648980682,0.42648765,0.57351232
Conagrabrands,0.50473784,0.49526216,0.58353877,0.41646123
Congressdotgov,0.572389017,0.427610983,0.64793414,0.35206589
Conoco,0.321428571,0.678571429,0.39440128,0.60559875
Conocophillips,0.351235741,0.648764259,0.42672002,0.57327998
Conradhotels,0.5,0.5,0.57892591,0.42107409
Conscious_News,0.542857143,0.457142857,0.6201573,0.3798427
Conserv_Tribune,0.020517011,0.979482989,0.027993102,0.97200692
Conservationorg,0.767108168,0.232891832,0.81912333,0.18087664
Consumerreports,0.572918896,0.427081104,0.64842784,0.35157216
Containerstore,0.619326501,0.380673499,0.691055,0.30894497
Converse,0.601542562,0.398457438,0.6748628,0.32513717
Coorslight,0.298192456,0.701807544,0.36875665,0.63124335
Coorsoriginalca,0.310344828,0.689655172,0.38221857,0.61778146
Cornerbakery,0.584103512,0.415896488,0.65881264,0.34118739
Corona,0.437037037,0.562962963,0.51628667,0.4837133
Costco,0.609227716,0.390772284,0.68188167,0.31811833
Coursera,0.614578509,0.385421491,0.68674916,0.31325084
Courtyardhotels,0.501290171,0.498709829,0.58018339,0.41981658
Covergirl,0.606499883,0.393500117,0.67939413,0.32060587
Cozifamily,0.601232394,0.398767606,0.67457885,0.32542112
Cp_News,0.501848429,0.498151571,0.58072722,0.41927278
Crateandbarrel,0.608145363,0.391854637,0.68089515,0.31910482
Creativecommons,0.701340099,0.298659901,0.76351589,0.2364841
Creditcardscom,0.521472393,0.478527607,0.59972227,0.40027773
Creditsuisse,0.411285986,0.588714014,0.48992985,0.51007015
Crocs,0.550758012,0.449241988,0.62763858,0.37236142
Crowneplaza,0.508852691,0.491147309,0.58753395,0.41246608
Cspan,0.603853949,0.396146051,0.67697728,0.32302272
Cuisinart,0.577727952,0.422272048,0.65290177,0.3470982
Cuttysarkusa,0.423357664,0.576642336,0.5023402,0.49765983
Dailyfetched,0.173799261,0.826200739,0.22433658,0.77566344
Dallascowboys,0.369549367,0.630450633,0.44626215,0.55373788
Dallasmavs,0.458715964,0.541284036,0.53813899,0.46186104
Danone,0.539988325,0.460011675,0.6174317,0.3825683
Daveandbusters,0.558242644,0.441757356,0.63469189,0.36530811
Davhq,0.384147586,0.615852414,0.46167165,0.53832835
Daysinn,0.479166667,0.520833333,0.55847716,0.44152284
Dcshoes,0.469933185,0.530066815,0.54932731,0.45067272
Dcskateboarding,0.472847682,0.527152318,0.55222118,0.44777879
Delicious,0.577265973,0.422734027,0.65247256,0.34752744
Dell,0.486063035,0.513936965,0.56527615,0.43472385
Delta,0.540241487,0.459758513,0.61767238,0.38232759
Dennysdiner,0.579500371,0.420499629,0.65454739,0.34545261
Derfmagazine,0.452631579,0.547368421,0.53203654,0.46796346
Detroitpistons,0.490789251,0.509210749,0.56991845,0.43008155
Deutschebank,0.420615084,0.579384916,0.49952918,0.50047082
Dewars,0.395500296,0.604499704,0.47355369,0.52644628
Dhlus,0.431862639,0.568137361,0.51102573,0.48897427
Dickies,0.389179756,0.610820244,0.46694931,0.53305072
Dicks,0.534957417,0.465042583,0.6126402,0.3873598
Diesel,0.558981233,0.441018767,0.63538617,0.36461383
Dior,0.54537634,0.45462366,0.62254667,0.3774533
Disclosetv,0.076891859,0.923108141,0.10275506,0.89724493
Discovery,0.54663081,0.45336919,0.62373513,0.37626487
Disney,0.566837519,0.433162481,0.64275122,0.35724875
Dkny,0.64791157,0.35208843,0.7167176,0.28328243
Dockers,0.56501548,0.43498452,0.64104635,0.35895368
Docusign,0.438737624,0.561262376,0.51801187,0.48198813
Dodge,0.385621077,0.614378923,0.46321881,0.53678119
Dogfishbeer,0.552580054,0.447419946,0.62935865,0.37064138
Dolcegabbana,0.538537923,0.461462077,0.61605185,0.38394815
Dollarcars,0.526579739,0.473420261,0.60462767,0.39537233
Dollargeneral,0.481221481,0.518778519,0.56050611,0.43949392
Dollartree,0.528013582,0.471986418,0.60600197,0.39399803
Dominos,0.474236306,0.525763694,0.55359817,0.44640183
Dosomething,0.749945239,0.250054761,0.80481833,0.19518167
Doubletree,0.520625889,0.479374111,0.59890777,0.40109226
Downewsroom,0.391706286,0.608293714,0.46959257,0.53040743
Dropbox,0.562104967,0.437895033,0.6383189,0.36168113
Drpepper,0.459770582,0.540229418,0.53919423,0.46080574
Drugstoredotcom,0.57299843,0.42700157,0.64850199,0.35149804
Druryhotels,0.473239437,0.526760563,0.5526098,0.4473902
Dsw_Us,0.652518107,0.347481893,0.72081184,0.27918819
Ducksunlimited,0.118798515,0.881201485,0.15636964,0.84363037
Duffelblog,0.43920446,0.56079554,0.51848513,0.48151484
Duh_Progressive,0.118577075,0.881422925,0.15609059,0.84390944
Dunkindonuts,0.511164888,0.488835112,0.58977437,0.41022563
Dupont_News,0.362585884,0.637414116,0.43885937,0.56114066
Dwolla,0.538401254,0.461598746,0.61592174,0.38407823
Dyson,0.529943503,0.470056497,0.60784984,0.39215016
Ea,0.457414462,0.542585538,0.53683561,0.46316442
Eagles,0.446750364,0.553249636,0.5261153,0.47388473
Earthoutreach,0.475916416,0.524083584,0.55526251,0.44473752
Easternmntn,0.568990043,0.431009957,0.64476293,0.35523707
Ebay,0.49163581,0.50836419,0.57074851,0.42925146
Ebony,0.884273938,0.115726062,0.91308564,0.086914338
Eddiebauer,0.487148473,0.512851527,0.56634355,0.43365648
Editionhotels,0.615763547,0.384236453,0.68782502,0.31217501
Edmunds,0.431673807,0.568326193,0.51083338,0.48916659
Edsurge,0.694829456,0.305170544,0.75789279,0.24210721
Eentertainment,0.569692509,0.430307491,0.64541888,0.35458112
Eharmony,0.494226328,0.505773672,0.57328582,0.42671418
Eldiariony,0.666914775,0.333085225,0.73353446,0.26646554
Electroluxus,0.484737485,0.515262515,0.56397164,0.43602839
Elizabetharden,0.581260565,0.418739435,0.65617979,0.34382021
Elnuevoherald,0.424972618,0.575027382,0.50399309,0.49600691
Embassysuites,0.507409727,0.492590273,0.58613414,0.41386586
Emerson_News,0.34503632,0.65496368,0.42005086,0.57994914
Emirates,0.513629689,0.486370311,0.59215903,0.40784097
Enterprise,0.51306649,0.48693351,0.59161448,0.40838555
Envdefensefund,0.845512587,0.154487413,0.88269436,0.11730564
Epsonamerica,0.518231187,0.481768813,0.59660107,0.40339893
Equitablefin,0.429156429,0.570843571,0.50826722,0.49173278
Erumors,0.875819672,0.124180328,0.90651369,0.093486317
Espn,0.423789746,0.576210254,0.50278258,0.49721742
Esteelauder,0.577744474,0.422255526,0.65291715,0.34708288
Etihad,0.500631891,0.499368109,0.57954192,0.42045808
Etrade,0.403053938,0.596946062,0.48141089,0.51858914
Etsy,0.612592718,0.387407282,0.68494457,0.3150554
Evernote,0.574380595,0.425619405,0.64978909,0.35021088
Expedia,0.571388035,0.428611965,0.64700091,0.35299909
Express,0.586133818,0.413866182,0.66069013,0.33930987
Exxonmobil,0.375776545,0.624223455,0.45285347,0.54714656
Eynews,0.492486139,0.507513861,0.57158184,0.42841816
Fabercastell,0.638655462,0.361344538,0.7084564,0.2915436
Factcheckdotorg,0.813158867,0.186841133,0.85680872,0.14319128
Fageusa,0.567124648,0.432875352,0.64301974,0.35698026
Fairfieldhotels,0.465063001,0.534936999,0.54447949,0.45552051
Fairmonthotels,0.52264946,0.47735054,0.60085416,0.39914581
Famousfootwear,0.567582122,0.432417878,0.64344746,0.35655257
Farberwarecook,0.478494624,0.521505376,0.55781305,0.44218695
Farfetch,0.489206534,0.510793466,0.5683654,0.4316346
Fedex,0.478603423,0.521396577,0.55792058,0.44207945
Feedingamerica,0.692790344,0.307209656,0.75612718,0.24387284
Feedthechildren,0.657806191,0.342193809,0.72549778,0.27450219
Fendi,0.558529128,0.441470872,0.63496125,0.36503875
Ferragamo,0.579639602,0.420360398,0.65467656,0.34532347
Ferrari,0.424371889,0.575628111,0.50337845,0.49662155
Fiatusa,0.448394233,0.551605767,0.52777261,0.47222739
Fiberondecking,0.333333333,0.666666667,0.40738615,0.59261388
Fidelity,0.414913419,0.585086581,0.49366927,0.50633073
Fifththird,0.448413833,0.551586167,0.52779233,0.47220767
Filausa,0.577020202,0.422979798,0.65224421,0.34775579
Filson,0.402515723,0.597484277,0.48085234,0.51914769
Financialtimes,0.525737097,0.474262903,0.60381943,0.39618057
Finishline,0.518362544,0.481637456,0.59672767,0.4032723
Firefox,0.534089989,0.465910011,0.61181253,0.3881875
Fiveguys,0.504994949,0.495005051,0.58378869,0.41621131
Flagstar,0.454954955,0.545045045,0.53436965,0.46563038
Flickr,0.571876875,0.428123125,0.64745671,0.35254329
Flyana_Official,0.414927261,0.585072739,0.49368352,0.50631648
Footaction,0.535922927,0.464077073,0.61356091,0.38643906
Footlocker,0.525093551,0.474906449,0.60320187,0.39679813
Footlockerwomen,0.692307692,0.307692308,0.75570893,0.24429107
Forbes,0.471589107,0.528410893,0.55097222,0.44902781
Ford,0.396794442,0.603205558,0.4749026,0.52509737
Fostersuk,0.597014925,0.402985075,0.67071229,0.32928774
Fourseasons,0.506804734,0.493195266,0.58554685,0.41445318
Foxbusiness,0.096562918,0.903437082,0.1281243,0.8718757
Foxnews,0.212057327,0.787942673,0.27008271,0.72991729
Foxsports,0.343606661,0.656393339,0.41850904,0.58149099
Foxtv,0.467714507,0.532285493,0.54712069,0.45287931
Freepeople,0.644289186,0.355710814,0.71349007,0.28650993
Freewoodpost,0.949693252,0.050306748,0.96290118,0.037098829
Freshandeasy,0.663461538,0.336538462,0.73049277,0.26950723
Freshdirect,0.751355014,0.248644986,0.8059988,0.1940012
Friendlys,0.559168925,0.440831075,0.63556254,0.36443746
Frigidaire,0.497512438,0.502487562,0.57649845,0.42350158
Frontiercorp,0.469781117,0.530218883,0.54917616,0.45082384
Fruitoftheloom,0.53525641,0.46474359,0.61292541,0.38707462
Fs1,0.345215092,0.654784908,0.42024362,0.57975638
Ft,0.524303595,0.475696405,0.60244346,0.39755654
Fti_Global,0.409414557,0.590585443,0.4879972,0.51200283
Fujitsuamerica,0.42,0.58,0.49889806,0.50110197
Fxnetworks,0.625687012,0.374312988,0.69680375,0.30319625
Gallofamily,0.544368601,0.455631399,0.62159133,0.37840867
Gamestop,0.462729048,0.537270952,0.54215091,0.45784912
Gap,0.619346946,0.380653054,0.69107354,0.30892649
Gatesfoundation,0.702316266,0.297683734,0.76435715,0.23564287
Gawker,0.721807819,0.278192181,0.78105283,0.21894714
Gdit,0.352069179,0.647930821,0.42761448,0.57238549
Genentech,0.539356436,0.460643564,0.61683071,0.38316929
Generalelectric,0.478187472,0.521812528,0.55750942,0.44249061
Geoengwatch,0.167741935,0.832258065,0.21698047,0.78301954
Georgiapacific,0.346007605,0.653992395,0.42109758,0.57890242
Geox,0.588807786,0.411192214,0.66315919,0.33684081
Get_Cosi,0.674816626,0.325183374,0.74047089,0.25952911
Getspectrum,0.515033762,0.484966238,0.59351581,0.40648419
Gianteagle,0.516737892,0.483262108,0.5951609,0.40483907
Giantfoodstores,0.528178244,0.471821756,0.60615975,0.39384025
Giants,0.432975489,0.567024511,0.51215863,0.48784134
Gillette,0.593508009,0.406491991,0.66748947,0.3325105
Gilt,0.606751965,0.393248035,0.67962414,0.32037586
Github,0.563263277,0.436736723,0.63940489,0.36059508
Glassdoor,0.603977324,0.396022676,0.67709005,0.32290995
Gm,0.41536283,0.58463717,0.49413192,0.50586808
Gmail,0.502196415,0.497803585,0.58106613,0.4189339
Gnclivewell,0.42284498,0.57715502,0.50181508,0.49818492
Goldmansachs,0.422020095,0.577979905,0.50096989,0.49903014
Golf_Com,0.262115127,0.737884873,0.32813367,0.67186636
Golfchannel,0.273863242,0.726136758,0.34147143,0.65852857
Gomerblog,0.713134328,0.286865672,0.77364725,0.22635275
Google,0.530395568,0.469604432,0.60828239,0.39171761
Googlechrome,0.50188384,0.49811616,0.58076173,0.41923827
Googledocs,0.577942498,0.422057502,0.65310109,0.34689891
Googlemaps,0.5067161,0.4932839,0.58546078,0.41453922
Googlenest,0.560402918,0.439597082,0.63672167,0.36327836
Googlenews,0.562308818,0.437691182,0.63851005,0.36148995
Googlepay,0.551007457,0.448992543,0.62787414,0.37212583
Gooseisland,0.540112314,0.459887686,0.6175496,0.3824504
Grandmarnierusa,0.484723653,0.515276347,0.56395799,0.43604198
Greenpeace,0.788822179,0.211177821,0.83701801,0.16298197
Greygoose,0.498317631,0.501682369,0.57728457,0.42271543
Groupon,0.612542254,0.387457746,0.68489867,0.31510133
Gskus,0.51902131,0.48097869,0.59736252,0.40263748
Gucci,0.547373111,0.452626889,0.62443793,0.37556207
Guerlain,0.587595212,0.412404788,0.66204005,0.33795995
Guess,0.576554329,0.423445671,0.65181118,0.34818882
Guinnessus,0.491068301,0.508931699,0.57019216,0.42980787
Gulfoil,0.333865815,0.666134185,0.40796453,0.59203547
Gymboree,0.549909256,0.450090744,0.62683666,0.37316334
Habitat_Org,0.674271536,0.325728464,0.73999345,0.26000655
Haggarco,0.461187215,0.538812785,0.54061073,0.45938927
Haierappliances,0.488372093,0.511627907,0.56754595,0.43245405
Halliburton,0.304497189,0.695502811,0.37575454,0.62424546
Hallmark,0.529295087,0.470704913,0.60722923,0.39277074
Hancockwhitney,0.364,0.636,0.44036543,0.55963457
Hanes,0.548152004,0.451847996,0.62517506,0.37482497
Hardwear,0.507804878,0.492195122,0.58651757,0.4134824
Harleydavidson,0.305557079,0.694442921,0.376928,0.62307197
Harmankardon,0.463754647,0.536245353,0.54317462,0.45682541
Harpers,0.790478435,0.209521565,0.83837372,0.16162626
Hbo,0.646396382,0.353603618,0.71536839,0.28463161
Hbogohelp,0.699726669,0.300273331,0.76212448,0.23787555
Heineken,0.475911339,0.524088661,0.55525744,0.44474256
Henkel,0.455223881,0.544776119,0.53463942,0.46536058
Hennessy,0.62910654,0.37089346,0.69988525,0.30011478
Hermes_Paris,0.540497376,0.459502624,0.61791569,0.38208431
Hertz,0.520152818,0.479847182,0.59845233,0.40154767
Hgtv,0.499421609,0.500578391,0.57836181,0.42163819
Hillaryclinton,0.68735944,0.31264056,0.75141418,0.24858582
Hiltonhotels,0.502603878,0.497396122,0.5814628,0.4185372
History,0.498368794,0.501631206,0.57733452,0.42266548
Hiusa,0.551079137,0.448920863,0.62794185,0.37205815
Hm,0.593596244,0.406403756,0.66757065,0.33242935
Holidayinn,0.506807043,0.493192957,0.58554912,0.41445088
Hollisterco,0.551139684,0.448860316,0.62799901,0.37200099
Homedepot,0.419027582,0.580972418,0.49789983,0.50210017
Homegoods,0.563379558,0.436620442,0.63951391,0.36048612
Honda,0.472057502,0.527942498,0.55143714,0.44856286
Honest,0.652807461,0.347192539,0.72106856,0.27893141
Hooverusa,0.491114701,0.508885299,0.57023764,0.42976236
Hornitostequila,0.492,0.508,0.57110548,0.42889452
Hotelindigo,0.557305812,0.442694188,0.63381088,0.36618915
Hotelscomhelp,0.555372717,0.444627283,0.63199127,0.36800876
Hotwire,0.574123989,0.425876011,0.6495502,0.35044977
Houstonrockets,0.454649182,0.545350818,0.53406274,0.46593726
Houstontexans,0.374679996,0.625320004,0.45169476,0.54830527
Hp,0.505405829,0.494594171,0.58418804,0.41581199
Hrblock,0.534202991,0.465797009,0.61192036,0.38807964
Hrw,0.677620171,0.322379829,0.74292403,0.25707597
Hsbc,0.440590066,0.559409934,0.519889,0.480111
Hsn,0.558606398,0.441393602,0.63503391,0.36496612
Huaweideviceusa,0.396648045,0.603351955,0.4747501,0.5252499
Huaweimobile,0.424986454,0.575013546,0.50400728,0.49599275
Hugoboss,0.54009247,0.45990753,0.6175307,0.3824693
Hulu,0.646080365,0.353919635,0.71508682,0.28491315
Hunterboots,0.555269923,0.444730077,0.63189441,0.36810562
Hyatt,0.493199081,0.506800919,0.57228017,0.42771986
Hyundai,0.465660564,0.534339436,0.54507512,0.45492488
Ibm,0.493084228,0.506915772,0.57216769,0.42783231
Ifyou0nlynews,0.956321839,0.043678161,0.96784836,0.032151643
Ihop,0.519893458,0.480106542,0.59820259,0.40179741
Ikea,0.672742336,0.327257664,0.73865318,0.26134682
Ilfornaionline,0.533980583,0.466019417,0.6117081,0.38829193
Imax,0.582319303,0.417680697,0.65716082,0.34283918
Imdb,0.492226629,0.507773371,0.57132757,0.42867246
Inchcapeminiuk,0.559210526,0.440789474,0.63560164,0.36439836
Indesign,0.544246862,0.455753138,0.62147588,0.37852412
Infinitiusa,0.465366206,0.534633794,0.54478174,0.45521826
Innoutburger,0.384926471,0.615073529,0.46248963,0.5375104
Insidepmi,0.358394161,0.641605839,0.43438679,0.56561321
Instacart,0.658604651,0.341395349,0.72620404,0.27379596
Instagram,0.573551201,0.426448799,0.64901686,0.35098311
Intel,0.481155861,0.518844139,0.56044137,0.43955866
Intellihubnews,0.156217883,0.843782117,0.20289838,0.79710162
Interconhotels,0.52730917,0.47269083,0.60532701,0.39467299
Intuit,0.513053097,0.486946903,0.59160155,0.40839848
Invescous,0.396330761,0.603669239,0.47441941,0.52558059
Ishares,0.427043943,0.572956057,0.50611061,0.49388939
Itunes,0.543043319,0.456956681,0.62033403,0.37966597
Ivankatrump,0.135121111,0.864878889,0.17681859,0.82318139
Izod,0.443354148,0.556645852,0.52268577,0.47731426
Jackdaniels_Us,0.357931477,0.642068523,0.43389234,0.56610769
Jagermeisterusa,0.369006034,0.630993966,0.44568574,0.55431426
Jaguar,0.452393624,0.547606376,0.53179741,0.46820256
Jaguars,0.355697729,0.644302271,0.43150312,0.56849688
Jambajuice,0.640936413,0.359063587,0.71049649,0.28950351
Jameshardie,0.338338079,0.661661921,0.41281429,0.58718574
Jamesonwhiskey,0.456728936,0.543271064,0.53614867,0.46385136
Jansport,0.632958801,0.367041199,0.70334899,0.29665101
Java,0.481357819,0.518642181,0.56064063,0.43935937
Jblaudio,0.477358831,0.522641169,0.55668992,0.44331008
Jcpenney,0.546945099,0.453054901,0.62403274,0.37596726
Jcrew,0.600550836,0.399449164,0.67395467,0.32604533
Jennair,0.463869464,0.536130536,0.54328912,0.45671085
Jergensus,0.637931034,0.362068966,0.7078079,0.29219213
Jetbluecheeps,0.611223663,0.388776337,0.68369919,0.31630081
Jhiadvisors,0.321188341,0.678811659,0.39413816,0.60586184
Jimbeam,0.339802632,0.660197368,0.41439927,0.58560073
Jimmychoo,0.569221337,0.430778663,0.64497894,0.35502106
Jnjnews,0.519149694,0.480850306,0.59748626,0.40251377
Joann_Stores,0.543195773,0.456804227,0.62047869,0.37952131
Jockey,0.495923913,0.504076087,0.57494622,0.42505378
Joebiden,0.727851836,0.272148164,0.78619099,0.21380904
Johndeere,0.224139713,0.775860287,0.28427839,0.71572161
Johnniewalkerus,0.409487666,0.590512334,0.48807275,0.51192725
Joincanopy,0.79047619,0.20952381,0.83837193,0.16162808
Josecuervo,0.486876076,0.513123924,0.56607574,0.43392423
Jossandmain,0.592926045,0.407073955,0.66695398,0.33304602
Journeys,0.60565635,0.39434365,0.67862403,0.32137597
Jpmorgan,0.42275741,0.57724259,0.50172538,0.49827459
Juicycouture,0.606153846,0.393846154,0.67907828,0.32092172
Junipernetworks,0.429733959,0.570266041,0.5088563,0.49114367
Jwmarriott,0.472222222,0.527777778,0.55160064,0.44839936
Kahlua,0.539383562,0.460616438,0.61685652,0.38314348
Karllagerfeld,0.587865996,0.412134004,0.66229004,0.33770996
Katespadeny,0.593495672,0.406504328,0.66747814,0.33252189
Kayak,0.578631269,0.421368731,0.65374064,0.34625933
Keds,0.655813953,0.344186047,0.72373414,0.27626586
Keen,0.558091713,0.441908287,0.63454998,0.36544999
Kelleybluebook,0.407316368,0.592683632,0.48582754,0.51417243
Kelloggcompany,0.522440678,0.477559322,0.60065347,0.39934653
Kellyannepolls,0.107832703,0.892167297,0.1424966,0.85750341
Kenmore,0.516853933,0.483146067,0.5952729,0.40472713
Kennethcole,0.679992731,0.320007269,0.74499685,0.25500315
Kenwoodusa,0.343636364,0.656363636,0.41854107,0.58145893
Ketelone,0.492735313,0.507264687,0.57182592,0.42817408
Keurig,0.617238627,0.382761373,0.68916309,0.31083691
Keybankctr,0.451143451,0.548856549,0.53054041,0.46945959
Kfc,0.469284077,0.530715923,0.54868203,0.45131794
Kia,0.474194097,0.525805903,0.55355632,0.44644368
Kickstarter,0.647834683,0.352165317,0.71664912,0.28335086
Kiehls,0.673474234,0.326525766,0.73929483,0.2607052
Kimpton,0.654892726,0.345107274,0.72291791,0.27708209
Kindsnacks,0.630219099,0.369780901,0.70088643,0.29911357
Kiplinger,0.444886458,0.555113542,0.524234,0.47576597
Kitchenaidusa,0.577842377,0.422157623,0.6530081,0.34699193
Kiva,0.731047803,0.268952197,0.78890055,0.21109946
Kiva_Us,0.84351145,0.15648855,0.88110709,0.11889288
Kmart,0.509796329,0.490203671,0.58844864,0.41155136
Knobcreek,0.324927472,0.675072528,0.39822835,0.60177165
Kohler,0.453775231,0.546224769,0.53318542,0.46681458
Kohls,0.52715689,0.47284311,0.60518098,0.39481899
Korbel1882,0.553030303,0.446969697,0.62978339,0.37021661
Koreanair_Ke,0.529400888,0.470599112,0.60733056,0.39266947
Kpmg_Us,0.472079038,0.527920962,0.55145854,0.44854146
Kroger,0.488423496,0.511576504,0.56759644,0.43240356
Kronenbourg1664,0.650943396,0.349056604,0.71941352,0.28058651
Krupsusa,0.466666667,0.533333333,0.54607743,0.45392257
Kswiss,0.552160169,0.447839831,0.6289624,0.37103757
Labattusa,0.384615385,0.615384615,0.46216297,0.53783703
Laclippers,0.503879707,0.496120293,0.58270431,0.41729569
Lacoste,0.544729993,0.455270007,0.621934,0.37806597
Lakers,0.536732305,0.463267695,0.61433232,0.38566768
Lancomeusa,0.588978645,0.411021355,0.66331685,0.33668318
Landrover,0.450181552,0.549818448,0.52957255,0.47042742
Landroverusa,0.451865595,0.548134405,0.53126663,0.46873337
Landsend,0.422012689,0.577987311,0.50096232,0.49903771
Laopinionla,0.698685172,0.301314828,0.76122552,0.23877448
Laperlalingerie,0.584092792,0.415907208,0.65880275,0.34119728
Lastfm,0.664375444,0.335624556,0.73129833,0.26870164
Latimes,0.653934757,0.346065243,0.72206861,0.27793139
Lazboy,0.49603624,0.50396376,0.57505608,0.42494392
Leadinghotels,0.483179047,0.516820953,0.56243652,0.43756348
Lecreuset,0.660175268,0.339824732,0.72759229,0.27240771
Leejeans,0.524866106,0.475133894,0.60298353,0.39701647
Legalseafoods,0.579819277,0.420180723,0.65484327,0.34515673
Legalzoom,0.551438053,0.448561947,0.62828076,0.37171927
Lego_Group,0.607994819,0.392005181,0.68075788,0.31924212
Leinenkugels,0.394755245,0.605244755,0.47277662,0.52722341
Lemeridien,0.518613607,0.481386393,0.59696966,0.40303034
Lendingtree,0.478939158,0.521060842,0.55825233,0.44174767
Lenovo,0.476501634,0.523498366,0.5558418,0.4441582
Levis,0.596305299,0.403694701,0.67006069,0.32993931
Lewrockwell,0.112227263,0.887772737,0.14806938,0.85193062
Lexus,0.465123253,0.534876747,0.54453957,0.45546043
Lgus,0.481856771,0.518143229,0.56113279,0.43886718
Libamericaorg,0.960776385,0.039223615,0.9711628,0.028837185
Libertyvideos,0.739344262,0.260655738,0.7959106,0.20408939
Lifetimetv,0.653062112,0.346937888,0.72129452,0.27870545
Lillypad,0.499883041,0.500116959,0.57881182,0.42118815
Lincolnfingroup,0.428027418,0.571972582,0.50711501,0.49288502
Lincolnmotorco,0.435289442,0.564710558,0.51451182,0.48548818
Linkedin,0.556107178,0.443892822,0.6326828,0.36731717
Linux,0.509001637,0.490998363,0.58767837,0.41232163
Lions,0.430612109,0.569387891,0.50975162,0.49024838
Lithiumtech,0.579903148,0.420096852,0.65492105,0.34507895
Livingsocial,0.644964473,0.355035527,0.71409225,0.28590775
Lizclaiborneny,0.610062893,0.389937107,0.68264246,0.31735754
Llbean,0.462265443,0.537734557,0.54168797,0.45831203
Loccitaneusa,0.635479951,0.364520049,0.70561153,0.29438847
Lockheedmartin,0.355000502,0.644999498,0.43075663,0.56924337
Loews_Hotels,0.651480638,0.348519362,0.71989071,0.28010929
Logitech,0.518393139,0.481606861,0.59675723,0.40324277
Lonestarbeer,0.32983683,0.67016317,0.40358311,0.59641689
Lordandtaylor,0.594041796,0.405958204,0.66798049,0.33201954
Lorealusa,0.593587717,0.406412283,0.66756278,0.33243722
Louisvuitton,0.522173283,0.477826717,0.60039639,0.39960364
Lowealpine,0.551020408,0.448979592,0.62788641,0.37211362
Lowes,0.442991134,0.557008866,0.52231872,0.47768128
Lq,0.505102041,0.494897959,0.58389282,0.41610718
Lt_Fm,0.076470588,0.923529412,0.10220778,0.89779222
Luckybrand,0.590687978,0.409312022,0.66489291,0.33510712
Lufthansa,0.528159016,0.471840984,0.60614133,0.39385867
Lululemon,0.463135007,0.536864993,0.54255617,0.4574438
Lushcosmetics,0.766238974,0.233761026,0.81840235,0.18159768
Luxcollection,0.489396411,0.510603589,0.56855178,0.43144822
Lyft,0.658723154,0.341276846,0.72630882,0.27369118
Macaronigrill,0.509246088,0.490753912,0.58791536,0.41208464
Maccosmetics,0.617476292,0.382523708,0.68937862,0.31062141
Macys,0.574690374,0.425309626,0.65007746,0.34992254
Maidenform,0.583975347,0.416024653,0.65869409,0.34130594
Maisonvalentino,0.554725908,0.445274092,0.63138193,0.3686181
Makeawish,0.54476436,0.45523564,0.6219666,0.3780334
Makersmark,0.364557345,0.635442655,0.44095865,0.55904138
Maliburumus,0.489985694,0.510014306,0.56913018,0.43086985
Mandt_Bank,0.525500911,0.474499089,0.60359281,0.39640719
Mapquest,0.583898305,0.416101695,0.65862274,0.34137723
Marchofdimes,0.680067354,0.319932646,0.74506199,0.25493801
Marketdistrict,0.565045992,0.434954008,0.6410749,0.3589251
Marketwatch,0.347997346,0.652002654,0.42323968,0.57676035
Marksandspencer,0.612795512,0.387204488,0.68512899,0.31487104
Marmot,0.529502865,0.470497135,0.60742813,0.39257187
Marriott,0.491967964,0.508032036,0.57107407,0.42892593
Marshalls,0.589549604,0.410450396,0.66384345,0.33615652
Martell,0.529032258,0.470967742,0.60697764,0.39302236
Marthastewart,0.626781334,0.373218666,0.69779062,0.30220941
Martini_Global,0.598039216,0.401960784,0.67165226,0.32834777
Marykay,0.506516588,0.493483412,0.58526707,0.41473296
Maserati_Hq,0.443460601,0.556539399,0.52279335,0.47720665
Massimodutti,0.579534884,0.420465116,0.6545794,0.34542063
Mastercard,0.509424238,0.490575762,0.58808804,0.41191193
Match,0.474560592,0.525439408,0.55391955,0.44608045
Maybelline,0.58402437,0.41597563,0.65873939,0.34126058
Mayoclinic,0.575781208,0.424218792,0.65109229,0.34890768
Mazdausa,0.481126502,0.518873498,0.56041235,0.43958765
Mcafee,0.453044963,0.546955037,0.53245193,0.46754807
Mcandschmicks,0.536666667,0.463333333,0.61426979,0.38573021
Mcdonalds,0.484351177,0.515648823,0.56359124,0.43640876
Mckinsey,0.53916258,0.46083742,0.61664629,0.38335371
Medium,0.689947602,0.310052398,0.75366211,0.24633789
Meetup,0.645269327,0.354730673,0.71436405,0.28563595
Meijer,0.522772277,0.477227723,0.60097229,0.39902773
Melittausa,0.470588235,0.529411765,0.5499782,0.45002177
Menswearhouse,0.429637527,0.570362473,0.50875801,0.49124202
Mentalhealtham,0.684536865,0.315463135,0.74895871,0.25104132
Mercedesbenz,0.445263422,0.554736578,0.52461469,0.47538534
Merck,0.525520085,0.474479915,0.60361117,0.3963888
Mercycorps,0.577836595,0.422163405,0.65300268,0.34699729
Merrelloutside,0.482581591,0.517418409,0.56184757,0.4381524
Merrilledge,0.404230064,0.595769936,0.48263079,0.51736921
Merrilllynch,0.424265041,0.575734959,0.50326908,0.49673092
Merrymaids,0.501070664,0.498929336,0.57996953,0.42003047
Meta,0.543127186,0.456872814,0.6204136,0.3795864
Metmuseum,0.691650182,0.308349818,0.75513899,0.24486099
Metopera,0.645978042,0.354021958,0.71499568,0.28500432
Metrobytmobile,0.528016863,0.471983137,0.60600513,0.39399484
Miamidolphins,0.390253317,0.609746683,0.46807304,0.53192699
Miamiheat,0.509173322,0.490826678,0.58784485,0.41215518
Michaelkors,0.593945777,0.406054223,0.66789216,0.33210784
Michaelsstores,0.558762024,0.441237976,0.63518018,0.36481985
Michelobultra,0.359686684,0.640313316,0.43576723,0.56423277
Microsoft,0.511023062,0.488976938,0.58963704,0.41036299
Mike_Pence,0.128050986,0.871949014,0.16799045,0.83200955
Millercoors,0.421848739,0.578151261,0.50079423,0.49920577
Millerhighlife,0.338109672,0.661890328,0.41256693,0.5874331
Millerlite,0.2930268,0.7069732,0.3630009,0.63699913
Mint,0.565665688,0.434334312,0.64165497,0.35834503
Mizunogolfna,0.249565972,0.750434028,0.31376779,0.68623221
Mlbnetwork,0.388360425,0.611639575,0.46609122,0.53390878
Mo_Hotels,0.505683564,0.494316436,0.58445793,0.4155421
Modcloth,0.780508122,0.219491878,0.83019298,0.16980703
Modells,0.471988796,0.528011204,0.55136895,0.44863108
Modelousa,0.548472776,0.451527224,0.62547845,0.37452152
Moen,0.437821172,0.562178828,0.51708239,0.48291761
Moetusa,0.585284281,0.414715719,0.65990484,0.34009516
Molsoncoors,0.340486409,0.659513591,0.41513878,0.58486122
Money,0.492947183,0.507052817,0.57203346,0.42796654
Moneygram,0.456638526,0.543361474,0.53605807,0.46394196
Monster,0.576053907,0.423946093,0.65134591,0.34865406
Montereyaq,0.781427805,0.218572195,0.8309496,0.16905043
Morettibeer,0.601941748,0.398058252,0.67522824,0.32477179
Morganshotels,0.600272851,0.399727149,0.67369998,0.3263
Morganstanley,0.41962916,0.58037084,0.49851745,0.50148255
Mozilla,0.586107218,0.413892782,0.66066551,0.33933449
Msf,0.712666338,0.287333662,0.77324659,0.2267534
Msf_Usa,0.718649752,0.281350248,0.77836084,0.22163919
Msfcongo,0.558787879,0.441212121,0.63520443,0.36479557
Msn,0.618819048,0.381180952,0.69059539,0.30940461
Msn_Money,0.510681776,0.489318224,0.58930653,0.4106935
Msnbc,0.72057664,0.27942336,0.78000396,0.21999605
Mtv,0.585249106,0.414750894,0.65987229,0.34012774
Museummodernart,0.674601964,0.325398036,0.74028289,0.25971711
Myspace,0.592974067,0.407025933,0.66699821,0.33300176
Napster,0.590613224,0.409386776,0.66482401,0.33517599
Natenquirer,0.28892821,0.71107179,0.35841975,0.64158022
Natgeo,0.572152864,0.427847136,0.64771402,0.35228601
Natgeomag,0.618017774,0.381982226,0.6898694,0.3101306
Nationalpro,0.485528647,0.514471353,0.56475037,0.43524963
Naturallight,0.288888889,0.711111111,0.35837573,0.64162427
Nature_Org,0.759713453,0.240286547,0.81297755,0.18702245
Nautica,0.517392169,0.482607831,0.59579211,0.40420792
Nbc,0.634319913,0.365680087,0.70457089,0.29542908
Nbcnews,0.616550296,0.383449704,0.68853885,0.31146118
Nbcsports,0.461127494,0.538872506,0.54055107,0.45944896
Negramodelousa,0.504347826,0.495652174,0.58315957,0.41684043
Neimanmarcus,0.573550891,0.426449109,0.64901656,0.35098341
Nescafe,0.51737268,0.48262732,0.59577334,0.40422669
Nescafeusa,0.532079646,0.467920354,0.60989255,0.39010742
Nespressousa,0.573729864,0.426270136,0.64918327,0.35081673
Nestleusa,0.503736465,0.496263535,0.58256495,0.41743502
Netaporter,0.587535799,0.412464201,0.66198516,0.33801481
Netflix,0.600060675,0.399939325,0.6735056,0.3264944
Netgear,0.466819841,0.533180159,0.54623002,0.45377001
Neutrogena,0.644924406,0.355075594,0.71405655,0.28594345
Newbalance,0.47714808,0.52285192,0.55648142,0.44351855
Newbelgium,0.562989144,0.437010856,0.639148,0.36085203
News_Maker,0.109545994,0.890454006,0.14467134,0.85532868
Newsbiscuit,0.720994475,0.279005525,0.78036004,0.21963999
Newscorp,0.401288541,0.598711459,0.47957802,0.52042198
Newsweek,0.638811408,0.361188592,0.70859593,0.29140404
Newyorker,0.720245664,0.279754336,0.77972186,0.22027816
Nflnetwork,0.407269538,0.592730462,0.48577911,0.51422089
Ngadc,0.705601623,0.294398377,0.76718479,0.23281522
Nhlnetwork,0.366954461,0.633045539,0.44350752,0.55649251
Nickelodeon,0.564843727,0.435156273,0.64088547,0.3591145
Nike,0.57825878,0.42174122,0.65339482,0.34660521
Ninewest,0.64017094,0.35982906,0.70981216,0.29018787
Nintendoamerica,0.39745802,0.60254198,0.47559384,0.52440619
Nissanusa,0.465249117,0.534750883,0.54466504,0.45533496
Niveausa,0.588393337,0.411606663,0.66277677,0.33722323
Nookbn,0.629773463,0.370226537,0.70048547,0.2995145
Nordstrom,0.616709197,0.383290803,0.68868297,0.31131703
Northropgrumman,0.354610774,0.645389226,0.43033928,0.56966072
Norton,0.507084265,0.492915735,0.58581823,0.41418177
Novartis,0.518552613,0.481447387,0.59691089,0.40308911
Nowtheendbegins,0.066361556,0.933638444,0.089024387,0.91097564
Npr,0.63332894,0.36667106,0.70368141,0.29631862
Nra,0.044126389,0.955873611,0.059681192,0.94031882
Nuskin,0.416913947,0.583086053,0.49572778,0.50427222
Nyjets,0.416680207,0.583319793,0.49548742,0.50451261
Nyknicks,0.52397947,0.47602053,0.6021322,0.39786783
Nypl,0.367539686,0.632460314,0.44412917,0.55587083
Nytimes,0.57788968,0.42211032,0.65305203,0.346948
Occupydemocrats,0.922547867,0.077452133,0.94245088,0.05754913
Officedepot,0.476196653,0.523803347,0.55553991,0.44446009
Oldnavy,0.617015127,0.382984873,0.68896043,0.3110396
Olivegarden,0.487303507,0.512696493,0.5664959,0.43350407
Omnihotels,0.542981187,0.457018813,0.62027502,0.37972498
Onekingslane,0.592580101,0.407419899,0.66663557,0.3333644
Ooresorts,0.549450549,0.450549451,0.62640309,0.37359694
Opentable,0.618798361,0.381201639,0.69057667,0.30942333
Operationbless,0.293974395,0.706025605,0.3640582,0.6359418
Oracle,0.45884348,0.54115652,0.5382666,0.4617334
Orbitz,0.600094518,0.399905482,0.6735366,0.32646337
Oreck,0.50166113,0.49833887,0.58054477,0.4194552
Origins,0.66519174,0.33480826,0.73201752,0.26798245
Oshkoshbgosh,0.609618105,0.390381895,0.68223733,0.31776264
Other98,0.94452497,0.05547503,0.95903128,0.040968724
Ovationtv,0.732758621,0.267241379,0.79034889,0.20965111
Overstock,0.524114383,0.475885617,0.60226178,0.39773825
Owenscorning,0.286624204,0.713375796,0.35583892,0.64416111
Oxfamamerica,0.742112968,0.257887032,0.79824245,0.20175757
Oxo,0.624346917,0.375653083,0.69559437,0.3044056
Oxygen,0.564488814,0.435511186,0.64055312,0.35944685
Pabstblueribbon,0.430827439,0.569172561,0.50997108,0.49002892
Pacers,0.451625249,0.548374751,0.53102499,0.46897501
Packers,0.405131288,0.594868712,0.48356497,0.51643503
Pacsun,0.548533664,0.451466336,0.62553608,0.37446395
Palantirtech,0.382014875,0.617985125,0.45942956,0.54057044
Pampers,0.557534808,0.442465192,0.63402629,0.36597374
Panasonicna,0.511895911,0.488104089,0.590482,0.409518
Pandora_Na,0.547554755,0.452445245,0.62460983,0.37539017
Panerabread,0.548855161,0.451144839,0.62584013,0.37415984
Panthers,0.345310443,0.654689557,0.42034638,0.57965362
Papajohns,0.422608053,0.577391947,0.50157237,0.49842763
Paramountco,0.523151045,0.476848955,0.6013363,0.3986637
Paramountnet,0.48301635,0.51698365,0.56227618,0.43772385
Paramountpics,0.556864334,0.443135666,0.63339549,0.36660451
Patagonia,0.766690233,0.233309767,0.81877667,0.1812233
Patriots,0.374757131,0.625242869,0.45177627,0.54822373
Patron,0.514111417,0.485888583,0.59262466,0.40737531
Paylessisback,0.628594249,0.371405751,0.69942397,0.300576
Paypal,0.497205217,0.502794783,0.57619834,0.42380163
Pbs,0.765318788,0.234681212,0.81763858,0.18236141
Peiwei,0.489671362,0.510328638,0.56882167,0.43117833
Pelicansnba,0.458503149,0.541496851,0.5379259,0.46207407
Peninsulahotels,0.48852459,0.51147541,0.56769574,0.43230426
Pennzoil,0.293572669,0.706427331,0.36361006,0.63638997
Pepsi,0.499294597,0.500705403,0.57823789,0.42176208
Peroniusa,0.485,0.515,0.56423008,0.43576995
Perryellis,0.586005831,0.413994169,0.66057181,0.33942816
Peta,0.674252966,0.325747034,0.73997718,0.26002282
Petco,0.566442826,0.433557174,0.64238209,0.35761791
Petsmart,0.560741688,0.439258312,0.63703966,0.36296031
Pfchangs,0.527894003,0.472105997,0.60588741,0.39411259
Pfisterfaucets,0.492647059,0.507352941,0.57173944,0.42826054
Pfizer,0.527844966,0.472155034,0.60584044,0.39415956
Pgachampionship,0.24678874,0.75321126,0.31057179,0.68942821
Philips,0.439283716,0.560716284,0.51856548,0.48143452
Phillips66gas,0.329142857,0.670857143,0.40282726,0.59717274
Photobucket,0.562248996,0.437751004,0.63845396,0.36154604
Pier1,0.565831202,0.434168798,0.64180982,0.35819015
Pilsner_Urquell,0.507614213,0.492385787,0.58633256,0.41366741
Pimco,0.39172175,0.60827825,0.46960872,0.53039128
Pingtour,0.234759248,0.765240752,0.2966578,0.7033422
Pinkberry,0.669981355,0.330018645,0.73623025,0.26376972
Pinterest,0.555275782,0.444724218,0.63189995,0.36810005
Pioneerusa,0.404469274,0.595530726,0.4828788,0.5171212
Pixaranimation,0.712121212,0.287878788,0.77277976,0.22722027
Pizzahut,0.48281966,0.51718034,0.56208223,0.43791774
Placeholdersb,0.707216495,0.292783505,0.76857263,0.23142736
Pncbank,0.507512096,0.492487904,0.5862335,0.41376653
Poliblindspot,0.773584906,0.226415094,0.82448453,0.17551549
Politicususa,0.931167595,0.068832405,0.94897807,0.051021926
Politifact,0.78235706,0.21764294,0.83171362,0.16828638
Ponds,0.578866769,0.421133231,0.65395927,0.3460407
Popeyes,0.559327012,0.440672988,0.63571107,0.36428893
Porsche,0.436091659,0.563908341,0.5153268,0.4846732
Postmates,0.624485044,0.375514956,0.69571912,0.30428091
Potterybarn,0.559982535,0.440017465,0.63632685,0.36367315
Ppact,0.948383269,0.051616731,0.96192133,0.038078669
Ppfa,0.942264184,0.057735816,0.957335,0.042665035
Prada,0.561089471,0.438910529,0.63736612,0.36263391
Priceline,0.546981954,0.453018046,0.6240676,0.37593237
Principal,0.451173354,0.548826646,0.53057051,0.46942952
Prisonplanet,0.053522413,0.946477587,0.072139405,0.92786062
Proctergamble,0.531664656,0.468335344,0.60949594,0.39050403
Publix,0.42458682,0.57541318,0.50359833,0.49640164
Puma,0.530375632,0.469624368,0.60826331,0.39173666
Pwc,0.49673122,0.50326878,0.57573527,0.42426473
Pyramidbrew,0.648044693,0.351955307,0.71683604,0.28316396
Pyrexukofficial,0.437810945,0.562189055,0.51707202,0.48292801
Qdoba,0.553702657,0.446297343,0.63041747,0.36958256
Qualcomm,0.46358003,0.53641997,0.54300034,0.45699966
Quickbooks,0.471989175,0.528010825,0.55136931,0.44863066
Quickenloans,0.463723371,0.536276629,0.54314339,0.45685664
Quiznos,0.476355353,0.523644647,0.55569702,0.44430298
Quora,0.593780199,0.406219801,0.66773987,0.33226013
Qvc,0.525050809,0.474949191,0.60316086,0.39683914
Radioshack,0.509598751,0.490401249,0.58825719,0.41174281
Radisson,0.572012257,0.427987743,0.64758295,0.35241708
Raiders,0.419774179,0.580225821,0.49866629,0.50133371
Ralphlauren,0.343854988,0.656145012,0.41877693,0.58122307
Ramsnfl,0.434688462,0.565311538,0.513901,0.48609903
Raptors,0.52144296,0.47855704,0.59969395,0.40030605
Ravens,0.448396304,0.551603696,0.52777469,0.47222531
Raymourflanigan,0.531053105,0.468946895,0.60891128,0.39108872
Raytheontech,0.342520075,0.657479925,0.41733617,0.58266383
Realclearnews,0.264155611,0.735844389,0.33045793,0.66954207
Realfarmacy,0.47972973,0.52027027,0.55903339,0.44096661
Realnewspunch,0.104822193,0.895177807,0.13866873,0.86133128
Recyclebank,0.691443075,0.308556925,0.7549594,0.24504058
Red,0.743698778,0.256301222,0.79957628,0.2004237
Redbox,0.522031474,0.477968526,0.60026002,0.39973998
Redcross,0.582786074,0.417213926,0.65759313,0.34240687
Reddit,0.57073554,0.42926446,0.64639229,0.35360771
Reddshardapple,0.446445498,0.553554502,0.52580774,0.47419226
Redenvelope,0.576177285,0.423822715,0.65146065,0.34853935
Redhat,0.478347189,0.521652811,0.55766732,0.44233268
Redlobster,0.485857426,0.514142574,0.56507385,0.43492615
Redstate,0.037858471,0.962141529,0.05132243,0.9486776
Redstripeuk,0.612403101,0.387596899,0.68477213,0.31522784
Reebok,0.531570016,0.468429984,0.60940546,0.39059451
Reef84,0.439805825,0.560194175,0.51909459,0.48090541
Regionsbank,0.428196147,0.571803853,0.5072872,0.49271277
Rei,0.616608054,0.383391946,0.68859124,0.31140876
Remax,0.36686605,0.63313395,0.44341356,0.55658644
Remymartinus,0.509832842,0.490167158,0.58848405,0.41151595
Renhotels,0.525553663,0.474446337,0.60364342,0.39635658
Rentacenter,0.425149701,0.574850299,0.50417423,0.49582577
Rescueorg,0.720724543,0.279275457,0.78012997,0.21987
Residenceinn,0.516789517,0.483210483,0.59521073,0.40478924
Restaurant_Com,0.559681698,0.440318302,0.63604426,0.36395571
Restohardware,0.534263959,0.465736041,0.61197859,0.38802144
Revlon,0.580766235,0.419233765,0.65572155,0.34427848
Rhacareteam,0.497064579,0.502935421,0.57606095,0.42393908
Rickrwells,0.03112295,0.96887705,0.042296797,0.95770323
Ridersbylee,0.452380952,0.547619048,0.53178471,0.46821532
Riedeluk,0.571428571,0.428571429,0.6470387,0.35296127
Riteaid,0.548142532,0.451857468,0.62516606,0.37483394
Ritzcarlton,0.484126984,0.515873016,0.56337047,0.43662956
Roberto_Cavalli,0.562497342,0.437502658,0.6386869,0.36131313
Rocawear,0.768918919,0.231081081,0.82062423,0.17937575
Roche,0.50749782,0.49250218,0.58621961,0.41378039
Rockcitytimes,0.583577713,0.416422287,0.65832609,0.34167394
Rockport,0.525773196,0.474226804,0.60385406,0.39614597
Rokautomation,0.394396552,0.605603448,0.47240236,0.52759761
Roku,0.560386473,0.439613527,0.63670617,0.36329383
Rollingstone,0.696879742,0.303120258,0.75966591,0.24033408
Rollsroyce,0.427880322,0.572119678,0.5069648,0.49303523
Rosewoodhotels,0.507418398,0.492581602,0.58614254,0.41385743
Rotary,0.588012361,0.411987639,0.66242516,0.33757484
Rottentomatoes,0.631653282,0.368346718,0.70217609,0.29782394
Roxy,0.518545994,0.481454006,0.59690452,0.40309548
Rubbermaid,0.491534989,0.508465011,0.57064968,0.42935032
Rubytuesday,0.499797653,0.500202347,0.57872856,0.42127144
Ruelala,0.619465497,0.380534503,0.69118088,0.30881914
Rundownlive,0.179265659,0.820734341,0.23094817,0.76905185
Russell_Invest,0.357398142,0.642601858,0.43332219,0.56667781
Russellathletic,0.367414796,0.632585204,0.44399652,0.55600351
Rydersysteminc,0.369565217,0.630434783,0.44627893,0.55372107
Safeway,0.57251661,0.42748339,0.64805305,0.35194698
Saints,0.390374916,0.609625084,0.46820027,0.53179973
Saks,0.584744342,0.415255658,0.65940547,0.3405945
Salesforce,0.530378486,0.469621514,0.60826606,0.39173394
Salomonsports,0.529126214,0.470873786,0.60706758,0.39293239
Salon,0.828123994,0.171876006,0.86884165,0.13115838
Samaritanspurse,0.199875673,0.800124327,0.25564927,0.74435073
Samsclub,0.469949092,0.530050908,0.54934311,0.45065689
Samsungus,0.492571464,0.507428536,0.57166541,0.42833459
Samueladamsbeer,0.452372196,0.547627804,0.53177583,0.46822417
Sandisk,0.496604799,0.503395201,0.57561171,0.42438826
Santanderbankus,0.495412844,0.504587156,0.57444656,0.42555347
Sap,0.515577785,0.484422215,0.59404117,0.4059588
Sarahpalinusa,0.08208068,0.91791932,0.10948218,0.89051783
Saucony,0.55430374,0.44569626,0.63098407,0.36901596
Sauza,0.536489152,0.463510848,0.61410064,0.38589936
Save_Children,0.619866942,0.380133058,0.69154435,0.30845568
Savealot,0.478460128,0.521539872,0.55777895,0.44222108
Savethechildren,0.616169524,0.383830476,0.68819338,0.31180659
Schlitzbrewing,0.458923513,0.541076487,0.53834665,0.46165332
Schweppes,0.538461538,0.461538462,0.61597919,0.38402084
Scjohnson,0.431860651,0.568139349,0.5110237,0.4889763
Scrippsnet,0.597260274,0.402739726,0.67093748,0.32906252
Seagate,0.466540999,0.533459001,0.54595226,0.45404771
Seagramsginusa,0.543307087,0.456692913,0.62058437,0.37941566
Seahawks,0.497023303,0.502976697,0.57602066,0.42397937
Seamless,0.652194476,0.347805524,0.72052455,0.27947548
Sears,0.505837804,0.494162196,0.58460772,0.41539225
Sephora,0.627803088,0.372196912,0.6987114,0.3012886
Sharphomeusa,0.452229299,0.547770701,0.53163224,0.46836776
Sheetz,0.41779906,0.58220094,0.49663767,0.50336236
Shell,0.422715258,0.577284742,0.50168222,0.49831781
Sheratonhotels,0.521792763,0.478207237,0.60003042,0.39996958
Sherwinwilliams,0.448214682,0.551785318,0.52759165,0.47240832
Shinerbeer,0.396202532,0.603797468,0.47428578,0.52571422
Shiseido_Usa,0.621212121,0.378787879,0.6927616,0.3072384
Shop6pm,0.598825832,0.401174168,0.67237371,0.32762629
Shopideel,0.691212871,0.308787129,0.75475979,0.24524021
Showtime,0.66035826,0.33964174,0.72775394,0.27224603
Shutterfly,0.584295612,0.415704388,0.65899038,0.34100962
Siemens,0.460502693,0.539497307,0.53992647,0.46007353
Sierraclub,0.860698949,0.139301051,0.89468098,0.10531904
Sierranevada,0.531441995,0.468558005,0.60928309,0.39071691
Singaporeair,0.496341952,0.503658048,0.57535487,0.42464513
Sitkagear,0.066666667,0.933333333,0.089423724,0.91057628
Sixers,0.492913208,0.507086792,0.57200021,0.42799979
Skechersusa,0.576522436,0.423477564,0.65178156,0.34821844
Skinnygirl,0.583390528,0.416609472,0.65815276,0.34184721
Skype,0.504828913,0.495171087,0.58362728,0.41637269
Skyyvodka,0.513111039,0.486888961,0.59165752,0.40834245
Smartmoney,0.438596491,0.561403509,0.51786876,0.48213121
Smartwool,0.558349705,0.441650295,0.63479257,0.36520743
Smartypig,0.499853844,0.500146156,0.57878333,0.42121664
Smirnoffus,0.559691913,0.440308087,0.63605392,0.36394611
Smithsonian,0.635559967,0.364440033,0.70568329,0.29431671
Snapchat,0.524404486,0.475595514,0.60254037,0.39745966
Snopes,0.800676212,0.199323788,0.8466925,0.15330751
Soapdotcom,0.67826087,0.32173913,0.74348408,0.25651592
Sofitelnews,0.514218009,0.485781991,0.59272772,0.40727231
Sony,0.488275563,0.511724437,0.56745112,0.43254885
Southerncomfort,0.395057431,0.604942569,0.47309184,0.52690816
Southwestair,0.524630377,0.475369623,0.60275722,0.39724275
Spacex,0.3889747,0.6110253,0.46673462,0.53326541
Speed,0.277430797,0.722569203,0.34550065,0.65449935
Speedway,0.406450004,0.593549996,0.48493084,0.51506913
Spiritairlines,0.507207019,0.492792981,0.58593738,0.41406262
Sportsauthority,0.440362355,0.559637645,0.51965839,0.48034161
Spotify,0.588767973,0.411232027,0.66312248,0.33687752
Springhillsuite,0.503937008,0.496062992,0.58276004,0.41723996
Sprite,0.521276596,0.478723404,0.59953392,0.40046608
Spurs,0.488744508,0.511255492,0.56791174,0.43208829
Square,0.556884292,0.443115708,0.63341427,0.36658573
Standardhotels,0.655737705,0.344262295,0.72366661,0.27633342
Staplesstores,0.519010592,0.480989408,0.59735221,0.40264779
Staralliance,0.526015839,0.473984161,0.60408682,0.39591315
Starbucks,0.561161628,0.438838372,0.63743383,0.36256617
Statestreet,0.455637456,0.544362544,0.53505433,0.46494567
Staybridge,0.499027237,0.500972763,0.57797706,0.42202291
Steelers,0.410470134,0.589529866,0.48908758,0.51091242
Steinmart,0.52574103,0.47425897,0.60382318,0.39617682
Stellaartois,0.513219576,0.486780424,0.59176248,0.40823752
Stevemadden,0.63388582,0.36611418,0.70418131,0.29581869
Stjude,0.487462457,0.512537543,0.56665218,0.43334782
Stjuderesearch,0.500157381,0.499842619,0.57907933,0.42092064
Stoli,0.516312057,0.483687943,0.59474999,0.40524998
Stonyfield,0.569713758,0.430286242,0.64543873,0.35456127
Stopandshop,0.566268748,0.433731252,0.64221925,0.35778075
Stregishotels,0.482508251,0.517491749,0.56177527,0.43822473
Striderite,0.587242026,0.412757974,0.6617139,0.33828607
Stripe,0.534543794,0.465456206,0.61224556,0.38775444
Stumbleupon,0.606119611,0.393880389,0.67904705,0.32095298
Su2c,0.654695702,0.345304298,0.72274327,0.27725673
Subaru_Usa,0.509072394,0.490927606,0.58774698,0.41225302
Subway,0.489657232,0.510342768,0.56880778,0.43119219
Subzerowolf,0.462447844,0.537552156,0.54187012,0.45812985
Sundancetv,0.763208763,0.236791237,0.81588584,0.18411417
Surveymonkey,0.623048538,0.376951462,0.69442177,0.30557823
Susangkomen,0.583885773,0.416114227,0.65861112,0.34138888
Syfy,0.655761235,0.344238765,0.72368741,0.27631256
Symantec,0.464273465,0.535726535,0.54369217,0.45630786
Sysco,0.379126731,0.620873269,0.45638844,0.54361159
Tacobell,0.500259291,0.499740709,0.57917869,0.42082128
Talbotsofficial,0.561533704,0.438466296,0.63778299,0.36221701
Talksatgoogle,0.562315582,0.437684418,0.63851643,0.3614836
Tanquerayusa,0.522253129,0.477746871,0.60047317,0.39952683
Target,0.575144175,0.424855825,0.6504997,0.34950027
Targus,0.485119048,0.514880952,0.56434721,0.43565279
Taskrabbit,0.677705977,0.322294023,0.74299902,0.25700095
Tassimo,0.6,0.4,0.67344999,0.32655001
Tastykake,0.55862069,0.44137931,0.63504732,0.36495271
Tatacompanies,0.432338787,0.567661213,0.51151055,0.48848942
Taylormadegolf,0.234593602,0.765406398,0.29646537,0.70353466
Tbsnetwork,0.624426921,0.375573079,0.69566661,0.30433336
Tcs,0.450435683,0.549564317,0.52982831,0.47017169
Tdameritrade,0.364148212,0.635851788,0.44052324,0.55947679
Tdbank_Us,0.530064344,0.469935656,0.60796547,0.39203453
Teachforamerica,0.720473621,0.279526379,0.77991617,0.22008385
Tecate,0.529780564,0.470219436,0.60769397,0.39230606
Tektronix,0.43776824,0.56223176,0.51702869,0.48297131
Telemundo,0.554060219,0.445939781,0.63075453,0.3692455
Tennischannel,0.580414843,0.419585157,0.65539569,0.34460434
Terminix,0.46179129,0.53820871,0.54121435,0.45878565
Tesla,0.374252429,0.625747571,0.45124274,0.54875726
Tgifridays,0.494932218,0.505067782,0.57397646,0.42602354
Theabitabeer,0.483357453,0.516642547,0.56261235,0.43738768
Theatlantic,0.780484554,0.219515446,0.83017361,0.16982642
Thebeerstoreon,0.573913043,0.426086957,0.64935386,0.35064617
Theblaze,0.050830048,0.949169952,0.068578392,0.93142158
Thebodyshopus,0.689281642,0.310718358,0.753084,0.24691597
Thecw,0.602136943,0.397863057,0.67540681,0.32459316
Thedailybeast,0.739470287,0.260529713,0.79601681,0.20398316
Thedailycurrant,0.654716981,0.345283019,0.72276211,0.27723789
Theeconomist,0.522168237,0.477831763,0.60039151,0.39960846
Thefederalist1,0.058667453,0.941332547,0.078924842,0.92107517
Theglenlivet,0.446022727,0.553977273,0.52538109,0.47461888
Thehuffpost_,0.799802437,0.200197563,0.8459816,0.15401839
Thelimited,0.669297553,0.330702447,0.73562956,0.26437044
Themasters,0.227166541,0.772833459,0.28781608,0.71218395
Thenewslo,0.920096852,0.079903148,0.94058913,0.059410866
Thenorthface,0.5613574,0.4386426,0.63761753,0.36238247
Theonion,0.665375344,0.334624656,0.73217922,0.26782075
Theopen,0.288271586,0.711728414,0.35768461,0.64231539
Theory__,0.65758547,0.34241453,0.72530252,0.27469751
Therealreal,0.654303709,0.345696291,0.72239572,0.27760425
Therightscoop,0.02835131,0.97164869,0.038569689,0.96143031
Thestreet,0.402860044,0.597139956,0.4812097,0.5187903
Theweek,0.740870303,0.259129697,0.79719633,0.20280369
Thompsonhotels,0.611012433,0.388987567,0.68350697,0.31649306
Thomsonreuters,0.556988769,0.443011231,0.63351256,0.36648744
Threadless,0.637115839,0.362884161,0.70707774,0.29292226
Thriftycars,0.553117783,0.446882217,0.62986588,0.37013415
Ticketmaster,0.591959129,0.408040871,0.6660639,0.33393613
Tiffanyandco,0.575105276,0.424894724,0.65046352,0.34953648
Timberland,0.595080612,0.404919388,0.66893554,0.33106449
Time,0.559600111,0.440399889,0.63596761,0.36403239
Titleist,0.226157825,0.773842175,0.28663793,0.71336204
Tivo,0.597234612,0.402765388,0.67091388,0.3290861
Tjmaxx,0.577845362,0.422154638,0.65301085,0.34698915
Tmobile,0.525919905,0.474080095,0.60399479,0.39600521
Tnronline,0.431578947,0.568421053,0.51073676,0.48926327
Tntdrama,0.597846816,0.402153184,0.67147571,0.32852429
Tommyhilfiger,0.529588731,0.470411269,0.60751033,0.39248967
Toshibausa,0.500316256,0.499683744,0.57923424,0.42076576
Toyota,0.450988781,0.549011219,0.53038478,0.46961519
Toysrus,0.229538917,0.770461083,0.2905837,0.70941633
Tpinsidr,0.036108586,0.963891414,0.048981901,0.9510181
Tppatriots,0.038560218,0.961439782,0.052260187,0.94773984
Tradeadmis,0.341025641,0.658974359,0.41572171,0.58427829
Traderjoeslist,0.679948769,0.320051231,0.74495846,0.25504157
Travelocity,0.561475722,0.438524278,0.63772857,0.36227143
Travelzoo,0.587454311,0.412545689,0.66190994,0.33809009
Trex_Company,0.400749064,0.599250936,0.4790175,0.5209825
Tripadvisor,0.567140021,0.432859979,0.6430341,0.3569659
Troweprice,0.396812957,0.603187043,0.47492188,0.52507812
Truevalue,0.380512091,0.619487909,0.45784789,0.54215211
Trugreen,0.380081301,0.619918699,0.45739421,0.54260582
Trulynolen,0.392045455,0.607954545,0.4699471,0.5300529
Trumpchicago,0.100106529,0.899893471,0.13265605,0.86734396
Trumpdoral,0.082008324,0.917991676,0.10938856,0.89061147
Trumpgolf,0.075067483,0.924932517,0.10038377,0.89961624
Trumpgolfdc,0.081711287,0.918288713,0.10900412,0.89099586
Trumpgolfla,0.085202877,0.914797123,0.11351779,0.88648218
Trumpgotraided,0.942193901,0.057806099,0.95728219,0.0427178
Trumplasvegas,0.106697929,0.893302071,0.1410547,0.85894531
Trumpwaikiki,0.094021352,0.905978648,0.12486684,0.87513316
Trustygopc,0.434027778,0.565972222,0.51322919,0.48677078
Truthfrequency,0.129770992,0.870229008,0.17014226,0.82985777
Trutv,0.497136233,0.502863767,0.57613093,0.42386904
Tsingtao,0.416403785,0.583596215,0.49520308,0.50479692
Tumblr,0.606766121,0.393233879,0.67963707,0.32036293
Tupperwareww,0.491422805,0.508577195,0.57053971,0.42946029
Turbotax,0.537586968,0.462413032,0.61514652,0.38485348
Twilio,0.601807229,0.398192771,0.67510509,0.32489491
Twitchyteam,0.043864314,0.956135686,0.059332468,0.94066751
Twitter,0.521969206,0.478030794,0.60020012,0.39979985
U_S_Steel,0.294633078,0.705366922,0.36479279,0.63520718
Uber,0.547761311,0.452238689,0.62480533,0.37519467
Ubs,0.401282703,0.598717297,0.47957197,0.520428
Udacity,0.580079765,0.419920235,0.65508485,0.34491512
Ugg,0.576544944,0.423455056,0.65180242,0.34819755
Umbro,0.514478764,0.485521236,0.59297967,0.40702033
Uncf,0.862540393,0.137459607,0.8961274,0.10387258
Underarmour,0.377327219,0.622672781,0.4544906,0.5455094
Unicef,0.631555666,0.368444334,0.7020883,0.29791167
Unicefusa,0.641092467,0.358907533,0.71063596,0.28936407
Unilever,0.530966144,0.469033856,0.60882813,0.39117187
Uniqlousa,0.693325131,0.306674869,0.75659043,0.24340956
Unisportsmgmt,0.413173653,0.586826347,0.49187687,0.5081231
Unisys,0.347139197,0.652860803,0.42231616,0.57768381
Unitedway,0.647721879,0.352278121,0.71654874,0.28345126
Universalpics,0.563305865,0.436694135,0.63944483,0.36055517
Univision,0.574922097,0.425077903,0.65029305,0.34970695
Unixtooltip,0.551496479,0.448503521,0.62833589,0.37166408
Ups,0.514686951,0.485313049,0.59318078,0.40681919
Urbandecay,0.611033828,0.388966172,0.68352646,0.31647357
Urbanoutfitters,0.667785763,0.332214237,0.73430061,0.26569939
Usagov,0.576855958,0.423144042,0.6520915,0.34790847
Usatoday,0.596714355,0.403285645,0.67043632,0.32956368
Uscellular,0.435500516,0.564499484,0.51472628,0.48527372
Usnews,0.563099105,0.436900895,0.63925105,0.36074895
Usopengolf,0.273521338,0.726478662,0.34108478,0.65891522
Usps,0.817617704,0.182382296,0.86040473,0.13959529
Ussupremecourt,0.5376154,0.4623846,0.61517352,0.38482645
Utc,0.401766004,0.598233996,0.48007396,0.51992601
Vanguard_Group,0.438440342,0.561559658,0.51771045,0.48228958
Vanityfair,0.543795215,0.456204785,0.62104744,0.37895253
Vans,0.566456256,0.433543744,0.6423946,0.35760537
Vansgirls,0.633713561,0.366286439,0.7040267,0.2959733
Vanssurf,0.45087236,0.54912764,0.53026772,0.46973228
Venmo,0.602704772,0.397295228,0.67592639,0.32407361
Verabradley,0.521244099,0.478755901,0.59950268,0.40049735
Verawang,0.633271804,0.366728196,0.70363009,0.29636994
Verisign,0.490675241,0.509324759,0.56980664,0.43019336
Verizon,0.48519871,0.51480129,0.56442565,0.43557435
Versace,0.546136331,0.453863669,0.62326682,0.37673321
Versatex,0.314465409,0.685534591,0.3867583,0.61324167
Veteranstoday,0.381878822,0.618121178,0.45928645,0.54071355
Veuveclicquot,0.623716153,0.376283847,0.69502485,0.30497515
Vh1,0.698293616,0.301706384,0.76088744,0.23911257
Viber,0.497089482,0.502910518,0.57608527,0.42391476
Vibram5fingers,0.561840844,0.438159156,0.63807112,0.36192888
Victoriassecret,0.524243396,0.475756604,0.60238564,0.39761436
Vikings,0.394753239,0.605246761,0.47277451,0.52722549
Vimeo,0.578740612,0.421259388,0.65384221,0.34615779
Virginatlantic,0.551812605,0.448187395,0.62863439,0.37136564
Virginmobileusa,0.603351955,0.396648045,0.67651832,0.32348171
Visa,0.508242537,0.491757463,0.5869422,0.4130578
Visteon,0.447761194,0.552238806,0.5271346,0.4728654
Vizio,0.516366065,0.483633935,0.59480214,0.40519786
Vmware,0.440249093,0.559750907,0.51954365,0.48045632
Volvocars,0.514649135,0.485350865,0.5931443,0.40685573
Vonage,0.490630324,0.509369676,0.56976259,0.43023741
Voxdotcom,0.832381387,0.167618613,0.87224603,0.12775397
Waldorfastoria,0.497161779,0.502838221,0.5761559,0.4238441
Walgreens,0.543599184,0.456400816,0.62086153,0.3791385
Walmart,0.480054194,0.519945806,0.55935383,0.44064617
Warriors,0.558351815,0.441648185,0.63479453,0.36520544
Washingtonpost,0.628802581,0.371197419,0.6996116,0.30038843
Washwizards,0.499798885,0.500201115,0.57872981,0.42127022
Wayfair,0.583473347,0.416526653,0.65822947,0.34177053
Weeklyworldnews,0.526918671,0.473081329,0.60495263,0.39504734
Wellsfargo,0.457327521,0.542672479,0.53674847,0.46325153
Wendys,0.49267842,0.50732158,0.57177019,0.42822981
Westernunion,0.466848205,0.533151795,0.54625821,0.45374179
Westin,0.523673702,0.476326298,0.60183847,0.39816153
Wetv,0.743943853,0.256056147,0.79978234,0.20021768
Wfp,0.657217707,0.342782293,0.72497708,0.27502295
Wfpusa,0.727369542,0.272630458,0.78578162,0.21421836
Whatsapp,0.518936049,0.481063951,0.59728038,0.40271962
Whirlpoolusa,0.47704918,0.52295082,0.55638361,0.44361639
Wholefoods,0.596129317,0.403870683,0.66989905,0.33010095
Whotels,0.555230432,0.444769568,0.63185722,0.36814278
Widmerbrothers,0.617167382,0.382832618,0.68909848,0.31090152
Wikileaks,0.333914479,0.666085521,0.40801737,0.5919826
Wikipedia,0.579540001,0.420459999,0.65458411,0.34541586
Wildturkey,0.313106037,0.686893963,0.38526204,0.61473799
Williamssonoma,0.591577825,0.408422175,0.66571271,0.33428726
World_Wildlife,0.741770288,0.258229712,0.79795402,0.20204596
Worldnetdaily,0.051895286,0.948104714,0.069988154,0.93001187
Worldvisionusa,0.513584707,0.486415293,0.59211552,0.40788445
Wsj,0.467418938,0.532581062,0.54682648,0.45317355
Wwfus,0.78659612,0.21340388,0.83519387,0.16480613
Wwp,0.293753081,0.706246919,0.36381134,0.63618863
Wyndhamhotels,0.497546614,0.502453386,0.57653177,0.4234682
Xerox,0.508997805,0.491002195,0.58767462,0.41232535
Xprize,0.563254593,0.436745407,0.63939679,0.36060321
Yahoo,0.559377179,0.440622821,0.63575822,0.36424178
Yahoofinance,0.470479552,0.529520448,0.54987025,0.45012978
Yahoomail,0.540644709,0.459355291,0.61805576,0.38194424
Yahoomusic,0.615384615,0.384615385,0.68748111,0.31251892
Yahoonews,0.580967073,0.419032927,0.65590775,0.34409228
Yahooshopping,0.550964187,0.449035813,0.62783331,0.37216669
Yakultusa,0.510344828,0.489655172,0.58898014,0.41101986
Yelp,0.624179343,0.375820657,0.69544309,0.30455688
Ymca,0.602928752,0.397071248,0.67613125,0.32386872
Yoplait,0.550413925,0.449586075,0.62731349,0.37268651
Youtube,0.499187159,0.500812841,0.57813311,0.42186692
Ysl,0.571310597,0.428689403,0.64692867,0.3530713
Yuenglingbeer,0.336601307,0.663398693,0.41093263,0.58906734
Zara,0.593064034,0.406935966,0.667081,0.332919
Zeiss_Group,0.493069307,0.506930693,0.57215309,0.42784694
Zenithwatches,0.481037924,0.518962076,0.56032497,0.43967506
Zerohedge,0.137027189,0.862972811,0.17919101,0.82080901
Zeusy_Love,0.435294118,0.564705882,0.51451659,0.48548344
Zipcar,0.733177101,0.266822899,0.79070294,0.20929705
Zomatous,0.617539586,0.382460414,0.68943596,0.31056404
Zulily,0.598013245,0.401986755,0.67162842,0.32837155
Zumiez,0.559518072,0.440481928,0.63589054,0.36410946
Zynga,0.548015178,0.451984822,0.6250456,0.37495443
